,Score,Period of stay,Traveler type,Pool,Gym,Tennis court,Spa,Casino,Free internet,Hotel stars,Nr. rooms
0,High,3,2,0,1,0,0,1,1,3,0.9338369367022663
1,Low,3,3,0,1,0,0,1,1,3,0.9338369367022663
2,High,0,1,0,1,0,0,1,1,3,0.9338369367022663
3,High,0,2,0,1,0,0,1,1,3,0.9338369367022663
4,High,0,4,0,1,0,0,1,1,3,0.9338369367022663
5,Low,0,0,0,1,0,0,1,1,3,0.9338369367022663
6,High,0,0,0,1,0,0,1,1,3,0.9338369367022663
7,High,0,1,0,1,0,0,1,1,3,0.9338369367022663
8,High,0,2,0,1,0,0,1,1,3,0.9338369367022663
9,Low,0,1,0,1,0,0,1,1,3,0.9338369367022663
10,Low,1,1,0,1,0,0,1,1,3,0.9338369367022663
11,Low,1,2,0,1,0,0,1,1,3,0.9338369367022663
12,Low,1,2,0,1,0,0,1,1,3,0.9338369367022663
13,Low,1,2,0,1,0,0,1,1,3,0.9338369367022663
14,Low,1,2,0,1,0,0,1,1,3,0.9338369367022663
15,High,1,1,0,1,0,0,1,1,3,0.9338369367022663
16,Low,2,1,0,1,0,0,1,1,3,0.9338369367022663
17,High,2,1,0,1,0,0,1,1,3,0.9338369367022663
18,Low,2,0,0,1,0,0,1,1,3,0.9338369367022663
19,Low,2,0,0,1,0,0,1,1,3,0.9338369367022663
20,High,2,0,0,1,0,0,1,1,3,0.9338369367022663
21,Low,2,0,0,1,0,0,1,1,3,0.9338369367022663
22,High,3,1,0,1,0,0,1,1,3,0.9338369367022663
23,Low,3,0,0,1,0,0,1,1,3,0.9338369367022663
24,High,3,0,1,1,0,1,1,1,3,0.9880177129460799
25,High,3,3,1,1,0,1,1,1,3,0.9880177129460799
26,High,3,0,1,1,0,1,1,1,3,0.9880177129460799
27,Low,3,3,1,1,0,1,1,1,3,0.9880177129460799
28,High,0,4,1,1,0,1,1,1,3,0.9880177129460799
29,High,0,0,1,1,0,1,1,1,3,0.9880177129460799
30,High,0,0,1,1,0,1,1,1,3,0.9880177129460799
31,Low,0,0,1,1,0,1,1,1,3,0.9880177129460799
32,Low,0,4,1,1,0,1,1,1,3,0.9880177129460799
33,Low,0,2,1,1,0,1,1,1,3,0.9880177129460799
34,High,1,0,1,1,0,1,1,1,3,0.9880177129460799
35,Low,1,0,1,1,0,1,1,1,3,0.9880177129460799
36,High,1,2,1,1,0,1,1,1,3,0.9880177129460799
37,High,1,2,1,1,0,1,1,1,3,0.9880177129460799
38,High,1,0,1,1,0,1,1,1,3,0.9880177129460799
39,Low,1,1,1,1,0,1,1,1,3,0.9880177129460799
40,Low,2,3,1,1,0,1,1,1,3,0.9880177129460799
41,Low,2,0,1,1,0,1,1,1,3,0.9880177129460799
42,Low,2,1,1,1,0,1,1,1,3,0.9880177129460799
43,High,2,2,1,1,0,1,1,1,3,0.9880177129460799
44,High,2,1,1,1,0,1,1,1,3,0.9880177129460799
45,High,2,2,1,1,0,1,1,1,3,0.9880177129460799
46,High,3,0,1,1,0,1,1,1,3,0.9880177129460799
47,Low,3,4,1,1,0,1,1,1,3,0.9880177129460799
48,Low,3,0,1,1,0,1,1,0,4,0.7332638707996875
49,High,3,4,1,1,0,1,1,0,4,0.7332638707996875
50,Low,3,0,1,1,0,1,1,0,4,0.7332638707996875
51,High,3,0,1,1,0,1,1,0,4,0.7332638707996875
52,Low,0,0,1,1,0,1,1,0,4,0.7332638707996875
53,High,0,3,1,1,0,1,1,0,4,0.7332638707996875
54,High,0,0,1,1,0,1,1,0,4,0.7332638707996875
55,Low,0,3,1,1,0,1,1,0,4,0.7332638707996875
56,High,0,0,1,1,0,1,1,0,4,0.7332638707996875
57,High,0,0,1,1,0,1,1,0,4,0.7332638707996875
58,High,1,0,1,1,0,1,1,0,4,0.7332638707996875
59,High,1,2,1,1,0,1,1,0,4,0.7332638707996875
60,High,1,1,1,1,0,1,1,0,4,0.7332638707996875
61,Low,1,0,1,1,0,1,1,0,4,0.7332638707996875
62,Low,1,4,1,1,0,1,1,0,4,0.7332638707996875
63,Low,1,1,1,1,0,1,1,0,4,0.7332638707996875
64,Low,2,2,1,1,0,1,1,0,4,0.7332638707996875
65,High,2,0,1,1,0,1,1,0,4,0.7332638707996875
66,Low,2,1,1,1,0,1,1,0,4,0.7332638707996875
67,Low,2,0,1,1,0,1,1,0,4,0.7332638707996875
68,High,2,0,1,1,0,1,1,0,4,0.7332638707996875
69,Low,2,3,1,1,0,1,1,0,4,0.7332638707996875
70,Low,3,3,1,1,0,1,1,0,4,0.7332638707996875
71,High,3,0,1,1,0,1,1,0,4,0.7332638707996875
72,Low,3,3,1,1,1,1,1,1,4,0.7022662151601979
73,High,3,0,1,1,1,1,1,1,4,0.7022662151601979
74,High,3,2,1,1,1,1,1,1,4,0.7022662151601979
75,High,3,4,1,1,1,1,1,1,4,0.7022662151601979
76,High,0,0,1,1,1,1,1,1,4,0.7022662151601979
77,High,0,2,1,1,1,1,1,1,4,0.7022662151601979
78,High,0,2,1,1,1,1,1,1,4,0.7022662151601979
79,Low,0,1,1,1,1,1,1,1,4,0.7022662151601979
80,Low,0,1,1,1,1,1,1,1,4,0.7022662151601979
81,High,0,2,1,1,1,1,1,1,4,0.7022662151601979
82,Low,1,1,1,1,1,1,1,1,4,0.7022662151601979
83,High,1,0,1,1,1,1,1,1,4,0.7022662151601979
84,High,1,0,1,1,1,1,1,1,4,0.7022662151601979
85,High,1,4,1,1,1,1,1,1,4,0.7022662151601979
86,High,1,0,1,1,1,1,1,1,4,0.7022662151601979
87,High,1,0,1,1,1,1,1,1,4,0.7022662151601979
88,Low,2,0,1,1,1,1,1,1,4,0.7022662151601979
89,High,2,3,1,1,1,1,1,1,4,0.7022662151601979
90,High,2,1,1,1,1,1,1,1,4,0.7022662151601979
91,Low,2,0,1,1,1,1,1,1,4,0.7022662151601979
92,High,2,0,1,1,1,1,1,1,4,0.7022662151601979
93,High,2,1,1,1,1,1,1,1,4,0.7022662151601979
94,High,3,2,1,1,1,1,1,1,4,0.7022662151601979
95,High,3,0,1,1,1,1,1,1,4,0.7022662151601979
96,High,3,1,1,1,1,1,1,1,4,0.33315967699921856
97,High,3,2,1,1,1,1,1,1,4,0.33315967699921856
98,Low,3,0,1,1,1,1,1,1,4,0.33315967699921856
99,Low,3,3,1,1,1,1,1,1,4,0.33315967699921856
100,High,0,3,1,1,1,1,1,1,4,0.33315967699921856
101,High,0,0,1,1,1,1,1,1,4,0.33315967699921856
102,High,0,0,1,1,1,1,1,1,4,0.33315967699921856
103,High,0,3,1,1,1,1,1,1,4,0.33315967699921856
104,High,0,0,1,1,1,1,1,1,4,0.33315967699921856
105,Low,0,2,1,1,1,1,1,1,4,0.33315967699921856
106,High,1,3,1,1,1,1,1,1,4,0.33315967699921856
107,High,1,2,1,1,1,1,1,1,4,0.33315967699921856
108,High,1,4,1,1,1,1,1,1,4,0.33315967699921856
109,High,1,0,1,1,1,1,1,1,4,0.33315967699921856
110,High,1,2,1,1,1,1,1,1,4,0.33315967699921856
111,High,1,0,1,1,1,1,1,1,4,0.33315967699921856
112,Low,2,0,1,1,1,1,1,1,4,0.33315967699921856
113,High,2,0,1,1,1,1,1,1,4,0.33315967699921856
114,High,2,2,1,1,1,1,1,1,4,0.33315967699921856
115,Low,2,2,1,1,1,1,1,1,4,0.33315967699921856
116,High,2,4,1,1,1,1,1,1,4,0.33315967699921856
117,High,2,2,1,1,1,1,1,1,4,0.33315967699921856
118,High,3,0,1,1,1,1,1,1,4,0.33315967699921856
119,High,3,1,1,1,1,1,1,1,4,0.33315967699921856
120,High,3,2,1,1,0,1,1,1,5,0.8231310237040896
121,High,3,0,1,1,0,1,1,1,5,0.8231310237040896
122,High,3,1,1,1,0,1,1,1,5,0.8231310237040896
123,High,3,1,1,1,0,1,1,1,5,0.8231310237040896
124,High,0,1,1,1,0,1,1,1,5,0.8231310237040896
125,Low,0,1,1,1,0,1,1,1,5,0.8231310237040896
126,High,0,0,1,1,0,1,1,1,5,0.8231310237040896
127,High,0,0,1,1,0,1,1,1,5,0.8231310237040896
128,Low,0,0,1,1,0,1,1,1,5,0.8231310237040896
129,High,0,0,1,1,0,1,1,1,5,0.8231310237040896
130,High,1,0,1,1,0,1,1,1,5,0.8231310237040896
131,Low,1,4,1,1,0,1,1,1,5,0.8231310237040896
132,High,1,0,1,1,0,1,1,1,5,0.8231310237040896
133,Low,1,1,1,1,0,1,1,1,5,0.8231310237040896
134,High,1,1,1,1,0,1,1,1,5,0.8231310237040896
135,High,1,2,1,1,0,1,1,1,5,0.8231310237040896
136,High,2,0,1,1,0,1,1,1,5,0.8231310237040896
137,High,2,0,1,1,0,1,1,1,5,0.8231310237040896
138,High,2,3,1,1,0,1,1,1,5,0.8231310237040896
139,High,2,2,1,1,0,1,1,1,5,0.8231310237040896
140,High,2,0,1,1,0,1,1,1,5,0.8231310237040896
141,Low,2,1,1,1,0,1,1,1,5,0.8231310237040896
142,High,3,1,1,1,0,1,1,1,5,0.8231310237040896
143,High,3,0,1,1,0,1,1,1,5,0.7218025527481116
144,High,3,2,1,1,0,1,1,1,5,0.7218025527481116
145,High,3,2,1,1,0,1,1,1,5,0.7218025527481116
146,High,3,2,1,1,0,1,1,1,5,0.7218025527481116
147,High,3,0,1,1,0,1,1,1,5,0.7218025527481116
148,High,0,0,1,1,0,1,1,1,5,0.7218025527481116
149,High,0,0,1,1,0,1,1,1,5,0.7218025527481116
150,High,0,2,1,1,0,1,1,1,5,0.7218025527481116
151,High,0,3,1,1,0,1,1,1,5,0.7218025527481116
152,High,0,1,1,1,0,1,1,1,5,0.7218025527481116
153,Low,0,3,1,1,0,1,1,1,5,0.7218025527481116
154,Low,1,0,1,1,0,1,1,1,5,0.7218025527481116
155,High,1,2,1,1,0,1,1,1,5,0.7218025527481116
156,Low,1,3,1,1,0,1,1,1,5,0.7218025527481116
157,High,1,2,1,1,0,1,1,1,5,0.7218025527481116
158,High,1,1,1,1,0,1,1,1,5,0.7218025527481116
159,High,1,0,1,1,0,1,1,1,5,0.7218025527481116
160,High,2,0,1,1,0,1,1,1,5,0.7218025527481116
161,High,2,0,1,1,0,1,1,1,5,0.7218025527481116
162,High,2,0,1,1,0,1,1,1,5,0.7218025527481116
163,High,2,2,1,1,0,1,1,1,5,0.7218025527481116
164,High,2,3,1,1,0,1,1,1,5,0.7218025527481116
165,High,2,3,1,1,0,1,1,1,5,0.7218025527481116
166,Low,3,0,1,1,0,1,1,1,5,0.7218025527481116
167,High,3,1,1,1,0,1,1,1,5,0.7389945298254754
168,Low,3,0,1,1,0,1,1,1,5,0.7389945298254754
169,High,3,1,1,1,0,1,1,1,5,0.7389945298254754
170,High,3,0,1,1,0,1,1,1,5,0.7389945298254754
171,High,3,0,1,1,0,1,1,1,5,0.7389945298254754
172,High,0,1,1,1,0,1,1,1,5,0.7389945298254754
173,High,0,1,1,1,0,1,1,1,5,0.7389945298254754
174,High,0,0,1,1,0,1,1,1,5,0.7389945298254754
175,High,0,0,1,1,0,1,1,1,5,0.7389945298254754
176,High,0,0,1,1,0,1,1,1,5,0.7389945298254754
177,High,0,3,1,1,0,1,1,1,5,0.7389945298254754
178,High,1,2,1,1,0,1,1,1,5,0.7389945298254754
179,Low,1,0,1,1,0,1,1,1,5,0.7389945298254754
180,High,1,2,1,1,0,1,1,1,5,0.7389945298254754
181,High,1,1,1,1,0,1,1,1,5,0.7389945298254754
182,High,1,2,1,1,0,1,1,1,5,0.7389945298254754
183,High,1,3,1,1,0,1,1,1,5,0.7389945298254754
184,Low,2,2,1,1,0,1,1,1,5,0.7389945298254754
185,High,2,1,1,1,0,1,1,1,5,0.7389945298254754
186,High,2,1,1,1,0,1,1,1,5,0.7389945298254754
187,High,2,0,1,1,0,1,1,1,5,0.7389945298254754
188,High,2,2,1,1,0,1,1,1,5,0.7389945298254754
189,Low,2,1,1,1,0,1,1,1,5,0.7389945298254754
190,High,3,0,1,1,0,1,1,1,5,0.7389945298254754
191,High,3,1,1,1,0,1,1,1,5,0.6543370669445168
192,High,3,0,1,1,1,1,1,1,5,0.6543370669445168
193,High,3,1,1,1,1,1,1,1,5,0.6543370669445168
194,High,3,0,1,1,1,1,1,1,5,0.6543370669445168
195,High,3,0,1,1,1,1,1,1,5,0.6543370669445168
196,High,0,2,1,1,1,1,1,1,5,0.6543370669445168
197,High,0,3,1,1,1,1,1,1,5,0.6543370669445168
198,High,0,3,1,1,1,1,1,1,5,0.6543370669445168
199,High,0,0,1,1,1,1,1,1,5,0.6543370669445168
200,Low,0,4,1,1,1,1,1,1,5,0.6543370669445168
201,High,0,0,1,1,1,1,1,1,5,0.6543370669445168
202,High,1,0,1,1,1,1,1,1,5,0.6543370669445168
203,High,1,0,1,1,1,1,1,1,5,0.6543370669445168
204,High,1,0,1,1,1,1,1,1,5,0.6543370669445168
205,High,1,0,1,1,1,1,1,1,5,0.6543370669445168
206,High,1,0,1,1,1,1,1,1,5,0.6543370669445168
207,High,1,4,1,1,1,1,1,1,5,0.6543370669445168
208,Low,2,3,1,1,1,1,1,1,5,0.6543370669445168
209,High,2,2,1,1,1,1,1,1,5,0.6543370669445168
210,High,2,0,1,1,1,1,1,1,5,0.6543370669445168
211,High,2,0,1,1,1,1,1,1,5,0.6543370669445168
212,High,2,3,1,1,1,1,1,1,5,0.6543370669445168
213,High,2,0,1,1,1,1,1,1,5,0.6543370669445168
214,High,3,0,1,1,1,1,1,1,5,0.6543370669445168
215,High,3,0,1,1,1,1,1,1,5,0.2849700442823652
216,High,3,4,1,1,0,1,1,1,5,0.2849700442823652
217,High,3,3,1,1,0,1,1,1,5,0.2849700442823652
218,High,3,3,1,1,0,1,1,1,5,0.2849700442823652
219,High,3,1,1,1,0,1,1,1,5,0.2849700442823652
220,High,0,0,1,1,0,1,1,1,5,0.2849700442823652
221,Low,0,0,1,1,0,1,1,1,5,0.2849700442823652
222,High,0,0,1,1,0,1,1,1,5,0.2849700442823652
223,High,0,0,1,1,0,1,1,1,5,0.2849700442823652
224,High,0,1,1,1,0,1,1,1,5,0.2849700442823652
225,High,0,1,1,1,0,1,1,1,5,0.2849700442823652
226,High,1,0,1,1,0,1,1,1,5,0.2849700442823652
227,High,1,3,1,1,0,1,1,1,5,0.2849700442823652
228,High,1,1,1,1,0,1,1,1,5,0.2849700442823652
229,High,1,1,1,1,0,1,1,1,5,0.2849700442823652
230,High,1,0,1,1,0,1,1,1,5,0.2849700442823652
231,High,1,0,1,1,0,1,1,1,5,0.2849700442823652
232,High,2,1,1,1,0,1,1,1,5,0.2849700442823652
233,Low,2,1,1,1,0,1,1,1,5,0.2849700442823652
234,High,2,2,1,1,0,1,1,1,5,0.2849700442823652
235,High,2,0,1,1,0,1,1,1,5,0.2849700442823652
236,Low,2,0,1,1,0,1,1,1,5,0.2849700442823652
237,High,2,1,1,1,0,1,1,1,5,0.2849700442823652
238,High,3,3,1,1,0,1,1,1,5,0.2849700442823652
239,High,3,0,1,1,0,1,1,1,5,0.0
240,Low,3,3,1,0,0,0,1,1,4,0.0
241,High,3,3,1,0,0,0,1,1,4,0.0
242,High,3,1,1,0,0,0,1,1,4,0.0
243,High,3,0,1,0,0,0,1,1,4,0.0
244,Low,0,4,1,0,0,0,1,1,4,0.0
245,High,0,2,1,0,0,0,1,1,4,0.0
246,High,0,0,1,0,0,0,1,1,4,0.0
247,Low,0,1,1,0,0,0,1,1,4,0.0
248,High,0,2,1,0,0,0,1,1,4,0.0
249,High,0,0,1,0,0,0,1,1,4,0.0
250,High,1,2,1,0,0,0,1,1,4,0.0
251,High,1,0,1,0,0,0,1,1,4,0.0
252,High,1,0,1,0,0,0,1,1,4,0.0
253,Low,1,2,1,0,0,0,1,1,4,0.0
254,High,1,0,1,0,0,0,1,1,4,0.0
255,High,1,1,1,0,0,0,1,1,4,0.0
256,High,2,0,1,0,0,0,1,1,4,0.0
257,High,2,3,1,0,0,0,1,1,4,0.0
258,Low,2,1,1,0,0,0,1,1,4,0.0
259,High,2,2,1,0,0,0,1,1,4,0.0
260,Low,2,0,1,0,0,0,1,1,4,0.0
261,High,2,3,1,0,0,0,1,1,4,0.0
262,High,3,0,1,0,0,0,1,1,4,0.0
263,High,3,0,1,0,0,0,1,1,4,0.48085438916384476
264,Low,3,3,1,1,0,1,1,1,5,0.48085438916384476
265,High,3,0,1,1,0,1,1,1,5,0.48085438916384476
266,High,3,0,1,1,0,1,1,1,5,0.48085438916384476
267,High,3,3,1,1,0,1,1,1,5,0.48085438916384476
268,High,0,0,1,1,0,1,1,1,5,0.48085438916384476
269,High,0,2,1,1,0,1,1,1,5,0.48085438916384476
270,Low,0,1,1,1,0,1,1,1,5,0.48085438916384476
271,High,0,2,1,1,0,1,1,1,5,0.48085438916384476
272,High,0,3,1,1,0,1,1,1,5,0.48085438916384476
273,High,0,2,1,1,0,1,1,1,5,0.48085438916384476
274,High,1,0,1,1,0,1,1,1,5,0.48085438916384476
275,High,1,3,1,1,0,1,1,1,5,0.48085438916384476
276,High,1,2,1,1,0,1,1,1,5,0.48085438916384476
277,High,1,1,1,1,0,1,1,1,5,0.48085438916384476
278,High,1,1,1,1,0,1,1,1,5,0.48085438916384476
279,High,1,1,1,1,0,1,1,1,5,0.48085438916384476
280,High,2,0,1,1,0,1,1,1,5,0.48085438916384476
281,High,2,2,1,1,0,1,1,1,5,0.48085438916384476
282,High,2,0,1,1,0,1,1,1,5,0.48085438916384476
283,High,2,3,1,1,0,1,1,1,5,0.48085438916384476
284,High,2,0,1,1,0,1,1,1,5,0.48085438916384476
285,High,2,0,1,1,0,1,1,1,5,0.48085438916384476
286,High,3,2,1,1,0,1,1,1,5,0.48085438916384476
287,High,3,3,1,1,0,1,1,1,5,0.2709038812190675
288,High,3,0,1,1,0,1,1,1,3,0.2709038812190675
289,Low,3,1,1,1,0,1,1,1,3,0.2709038812190675
290,High,3,3,1,1,0,1,1,1,3,0.2709038812190675
291,High,3,0,1,1,0,1,1,1,3,0.2709038812190675
292,High,0,0,1,1,0,1,1,1,3,0.2709038812190675
293,High,0,0,1,1,0,1,1,1,3,0.2709038812190675
294,High,0,3,1,1,0,1,1,1,3,0.2709038812190675
295,High,0,1,1,1,0,1,1,1,3,0.2709038812190675
296,High,0,1,1,1,0,1,1,1,3,0.2709038812190675
297,Low,0,0,1,1,0,1,1,1,3,0.2709038812190675
298,High,1,2,1,1,0,1,1,1,3,0.2709038812190675
299,High,1,4,1,1,0,1,1,1,3,0.2709038812190675
300,High,1,1,1,1,0,1,1,1,3,0.2709038812190675
301,High,1,1,1,1,0,1,1,1,3,0.2709038812190675
302,High,1,0,1,1,0,1,1,1,3,0.2709038812190675
303,High,1,1,1,1,0,1,1,1,3,0.2709038812190675
304,High,2,1,1,1,0,1,1,1,3,0.2709038812190675
305,High,2,4,1,1,0,1,1,1,3,0.2709038812190675
306,Low,2,0,1,1,0,1,1,1,3,0.2709038812190675
307,High,2,3,1,1,0,1,1,1,3,0.2709038812190675
308,Low,2,1,1,1,0,1,1,1,3,0.2709038812190675
309,High,2,1,1,1,0,1,1,1,3,0.2709038812190675
310,High,3,0,1,1,0,1,1,1,3,0.2709038812190675
311,High,3,0,1,1,0,1,1,1,3,0.14170356863766606
312,High,3,3,1,1,0,0,1,1,3,0.14170356863766606
313,High,3,3,1,1,0,0,1,1,3,0.14170356863766606
314,High,3,1,1,1,0,0,1,1,3,0.14170356863766606
315,High,3,3,1,1,0,0,1,1,3,0.14170356863766606
316,High,0,2,1,1,0,0,1,1,3,0.14170356863766606
317,High,0,3,1,1,0,0,1,1,3,0.14170356863766606
318,High,0,0,1,1,0,0,1,1,3,0.14170356863766606
319,High,0,0,1,1,0,0,1,1,3,0.14170356863766606
320,High,0,0,1,1,0,0,1,1,3,0.14170356863766606
321,High,0,3,1,1,0,0,1,1,3,0.14170356863766606
322,High,1,1,1,1,0,0,1,1,3,0.14170356863766606
323,High,1,1,1,1,0,0,1,1,3,0.14170356863766606
324,High,1,0,1,1,0,0,1,1,3,0.14170356863766606
325,High,1,0,1,1,0,0,1,1,3,0.14170356863766606
326,High,1,1,1,1,0,0,1,1,3,0.14170356863766606
327,High,1,1,1,1,0,0,1,1,3,0.14170356863766606
328,High,2,2,1,1,0,0,1,1,3,0.14170356863766606
329,High,2,2,1,1,0,0,1,1,3,0.14170356863766606
330,Low,2,3,1,1,0,0,1,1,3,0.14170356863766606
331,High,2,1,1,1,0,0,1,1,3,0.14170356863766606
332,High,2,0,1,1,0,0,1,1,3,0.14170356863766606
333,High,2,0,1,1,0,0,1,1,3,0.14170356863766606
334,High,3,0,1,1,0,0,1,1,3,0.14170356863766606
335,High,3,1,1,1,0,0,1,1,3,0.13753581661891118
336,High,3,0,1,1,1,1,1,1,3,0.13753581661891118
337,High,3,2,1,1,1,1,1,1,3,0.13753581661891118
338,Low,3,3,1,1,1,1,1,1,3,0.13753581661891118
339,High,3,3,1,1,1,1,1,1,3,0.13753581661891118
340,High,0,2,1,1,1,1,1,1,3,0.13753581661891118
341,High,0,0,1,1,1,1,1,1,3,0.13753581661891118
342,High,0,0,1,1,1,1,1,1,3,0.13753581661891118
343,High,0,0,1,1,1,1,1,1,3,0.13753581661891118
344,Low,0,1,1,1,1,1,1,1,3,0.13753581661891118
345,Low,0,3,1,1,1,1,1,1,3,0.13753581661891118
346,High,1,2,1,1,1,1,1,1,3,0.13753581661891118
347,Low,1,0,1,1,1,1,1,1,3,0.13753581661891118
348,High,1,0,1,1,1,1,1,1,3,0.13753581661891118
349,High,1,3,1,1,1,1,1,1,3,0.13753581661891118
350,Low,1,3,1,1,1,1,1,1,3,0.13753581661891118
351,High,1,0,1,1,1,1,1,1,3,0.13753581661891118
352,High,2,0,1,1,1,1,1,1,3,0.13753581661891118
353,High,2,0,1,1,1,1,1,1,3,0.13753581661891118
354,Low,2,0,1,1,1,1,1,1,3,0.13753581661891118
355,High,2,3,1,1,1,1,1,1,3,0.13753581661891118
356,High,2,0,1,1,1,1,1,1,3,0.13753581661891118
357,Low,2,3,1,1,1,1,1,1,3,0.13753581661891118
358,High,3,1,1,1,1,1,1,1,3,0.13753581661891118
359,High,3,2,1,1,1,1,1,1,3,0.0330815316488669
360,Low,3,3,1,1,0,0,0,1,3,0.0330815316488669
361,High,3,0,1,1,0,0,0,1,3,0.0330815316488669
362,Low,3,0,1,1,0,0,0,1,3,0.0330815316488669
363,Low,3,1,1,1,0,0,0,1,3,0.0330815316488669
364,High,0,2,1,1,0,0,0,1,3,0.0330815316488669
365,High,0,0,1,1,0,0,0,1,3,0.0330815316488669
366,Low,0,1,1,1,0,0,0,1,3,0.0330815316488669
367,Low,0,1,1,1,0,0,0,1,3,0.0330815316488669
368,Low,0,2,1,1,0,0,0,1,3,0.0330815316488669
369,Low,0,1,1,1,0,0,0,1,3,0.0330815316488669
370,High,1,0,1,1,0,0,0,1,3,0.0330815316488669
371,High,1,0,1,1,0,0,0,1,3,0.0330815316488669
372,Low,1,1,1,1,0,0,0,1,3,0.0330815316488669
373,High,1,0,1,1,0,0,0,1,3,0.0330815316488669
374,High,1,1,1,1,0,0,0,1,3,0.0330815316488669
375,High,1,1,1,1,0,0,0,1,3,0.0330815316488669
376,High,2,2,1,1,0,0,0,1,3,0.0330815316488669
377,High,2,3,1,1,0,0,0,1,3,0.0330815316488669
378,High,2,1,1,1,0,0,0,1,3,0.0330815316488669
379,High,2,0,1,1,0,0,0,1,3,0.0330815316488669
380,High,2,3,1,1,0,0,0,1,3,0.0330815316488669
381,High,2,3,1,1,0,0,0,1,3,0.0330815316488669
382,High,3,0,1,1,0,0,0,1,3,0.0330815316488669
383,High,3,1,1,1,0,0,0,1,3,0.15603021620213597
384,High,3,2,1,1,1,0,0,1,3,0.15603021620213597
385,High,3,1,1,1,1,0,0,1,3,0.15603021620213597
386,High,3,0,1,1,1,0,0,1,3,0.15603021620213597
387,High,3,0,1,1,1,0,0,1,3,0.15603021620213597
388,High,0,2,1,1,1,0,0,1,3,0.15603021620213597
389,High,0,0,1,1,1,0,0,1,3,0.15603021620213597
390,High,0,1,1,1,1,0,0,1,3,0.15603021620213597
391,High,0,0,1,1,1,0,0,1,3,0.15603021620213597
392,High,0,1,1,1,1,0,0,1,3,0.15603021620213597
393,High,0,3,1,1,1,0,0,1,3,0.15603021620213597
394,High,1,0,1,1,1,0,0,1,3,0.15603021620213597
395,High,1,1,1,1,1,0,0,1,3,0.15603021620213597
396,High,1,1,1,1,1,0,0,1,3,0.15603021620213597
397,High,1,2,1,1,1,0,0,1,3,0.15603021620213597
398,Low,1,1,1,1,1,0,0,1,3,0.15603021620213597
399,High,1,0,1,1,1,0,0,1,3,0.15603021620213597
400,High,2,2,1,1,1,0,0,1,3,0.15603021620213597
401,High,2,3,1,1,1,0,0,1,3,0.15603021620213597
402,Low,2,0,1,1,1,0,0,1,3,0.15603021620213597
403,High,2,0,1,1,1,0,0,1,3,0.15603021620213597
404,Low,2,1,1,1,1,0,0,1,3,0.15603021620213597
405,High,2,1,1,1,1,0,0,1,3,0.15603021620213597
406,High,3,1,1,1,1,0,0,1,3,0.15603021620213597
407,High,3,2,1,1,1,0,0,1,3,1.0
408,High,3,3,1,1,0,1,1,1,5,1.0
409,High,3,4,1,1,0,1,1,1,5,1.0
410,High,3,1,1,1,0,1,1,1,5,1.0
411,High,3,0,1,1,0,1,1,1,5,1.0
412,Low,0,0,1,1,0,1,1,1,5,1.0
413,High,0,0,1,1,0,1,1,1,5,1.0
414,High,0,0,1,1,0,1,1,1,5,1.0
415,High,0,0,1,1,0,1,1,1,5,1.0
416,High,0,1,1,1,0,1,1,1,5,1.0
417,High,0,0,1,1,0,1,1,1,5,1.0
418,High,1,0,1,1,0,1,1,1,5,1.0
419,High,1,3,1,1,0,1,1,1,5,1.0
420,High,1,0,1,1,0,1,1,1,5,1.0
421,High,1,0,1,1,0,1,1,1,5,1.0
422,High,1,1,1,1,0,1,1,1,5,1.0
423,High,1,0,1,1,0,1,1,1,5,1.0
424,High,2,0,1,1,0,1,1,1,5,1.0
425,High,2,0,1,1,0,1,1,1,5,1.0
426,High,2,0,1,1,0,1,1,1,5,1.0
427,High,2,0,1,1,0,1,1,1,5,1.0
428,High,2,2,1,1,0,1,1,1,5,1.0
429,High,2,0,1,1,0,1,1,1,5,1.0
430,High,3,1,1,1,0,1,1,1,5,1.0
431,High,3,0,1,1,0,1,1,1,5,0.9755144568898151
432,High,3,4,1,1,0,1,1,1,5,0.9755144568898151
433,High,3,1,1,1,0,1,1,1,5,0.9755144568898151
434,High,3,0,1,1,0,1,1,1,5,0.9755144568898151
435,High,3,3,1,1,0,1,1,1,5,0.9755144568898151
436,High,0,0,1,1,0,1,1,1,5,0.9755144568898151
437,Low,0,3,1,1,0,1,1,1,5,0.9755144568898151
438,High,0,3,1,1,0,1,1,1,5,0.9755144568898151
439,Low,0,1,1,1,0,1,1,1,5,0.9755144568898151
440,Low,0,2,1,1,0,1,1,1,5,0.9755144568898151
441,High,0,0,1,1,0,1,1,1,5,0.9755144568898151
442,High,1,1,1,1,0,1,1,1,5,0.9755144568898151
443,High,1,3,1,1,0,1,1,1,5,0.9755144568898151
444,High,1,0,1,1,0,1,1,1,5,0.9755144568898151
445,High,1,1,1,1,0,1,1,1,5,0.9755144568898151
446,High,1,4,1,1,0,1,1,1,5,0.9755144568898151
447,High,1,1,1,1,0,1,1,1,5,0.9755144568898151
448,High,2,0,1,1,0,1,1,1,5,0.9755144568898151
449,High,2,3,1,1,0,1,1,1,5,0.9755144568898151
450,High,2,0,1,1,0,1,1,1,5,0.9755144568898151
451,High,2,0,1,1,0,1,1,1,5,0.9755144568898151
452,High,2,2,1,1,0,1,1,1,5,0.9755144568898151
453,High,2,2,1,1,0,1,1,1,5,0.9755144568898151
454,High,3,3,1,1,0,1,1,1,5,0.9755144568898151
455,Low,3,1,1,1,0,1,1,1,5,0.7106017191977076
456,High,3,0,1,1,0,1,1,1,4,0.7106017191977076
457,High,3,0,1,1,0,1,1,1,4,0.7106017191977076
458,Low,3,0,1,1,0,1,1,1,4,0.7106017191977076
459,High,3,2,1,1,0,1,1,1,4,0.7106017191977076
460,Low,0,0,1,1,0,1,1,1,4,0.7106017191977076
461,High,0,0,1,1,0,1,1,1,4,0.7106017191977076
462,High,0,3,1,1,0,1,1,1,4,0.7106017191977076
463,Low,0,2,1,1,0,1,1,1,4,0.7106017191977076
464,High,0,2,1,1,0,1,1,1,4,0.7106017191977076
465,Low,0,0,1,1,0,1,1,1,4,0.7106017191977076
466,High,1,0,1,1,0,1,1,1,4,0.7106017191977076
467,Low,1,0,1,1,0,1,1,1,4,0.7106017191977076
468,High,1,0,1,1,0,1,1,1,4,0.7106017191977076
469,High,1,1,1,1,0,1,1,1,4,0.7106017191977076
470,High,1,1,1,1,0,1,1,1,4,0.7106017191977076
471,High,1,0,1,1,0,1,1,1,4,0.7106017191977076
472,High,2,0,1,1,0,1,1,1,4,0.7106017191977076
473,High,2,0,1,1,0,1,1,1,4,0.7106017191977076
474,Low,2,0,1,1,0,1,1,1,4,0.7106017191977076
475,High,2,0,1,1,0,1,1,1,4,0.7106017191977076
476,High,2,0,1,1,0,1,1,1,4,0.7106017191977076
477,High,2,0,1,1,0,1,1,1,4,0.7106017191977076
478,High,3,0,1,1,0,1,1,1,4,0.7106017191977076
479,High,3,2,1,1,0,1,1,1,4,0.166189111747851
480,High,3,0,1,1,0,1,1,1,4,0.166189111747851
481,Low,3,1,1,1,0,1,1,1,4,0.166189111747851
482,High,3,4,1,1,0,1,1,1,4,0.166189111747851
483,Low,3,0,1,1,0,1,1,1,4,0.166189111747851
484,High,0,3,1,1,0,1,1,1,4,0.166189111747851
485,High,0,2,1,1,0,1,1,1,4,0.166189111747851
486,High,0,3,1,1,0,1,1,1,4,0.166189111747851
487,High,0,4,1,1,0,1,1,1,4,0.166189111747851
488,Low,0,2,1,1,0,1,1,1,4,0.166189111747851
489,High,0,0,1,1,0,1,1,1,4,0.166189111747851
490,High,1,4,1,1,0,1,1,1,4,0.166189111747851
491,Low,1,3,1,1,0,1,1,1,4,0.166189111747851
492,High,1,1,1,1,0,1,1,1,4,0.166189111747851
493,High,1,0,1,1,0,1,1,1,4,0.166189111747851
494,Low,1,1,1,1,0,1,1,1,4,0.166189111747851
495,High,1,0,1,1,0,1,1,1,4,0.166189111747851
496,High,2,4,1,1,0,1,1,1,4,0.166189111747851
497,Low,2,0,1,1,0,1,1,1,4,0.166189111747851
498,High,2,0,1,1,0,1,1,1,4,0.166189111747851
499,High,2,0,1,1,0,1,1,1,4,0.166189111747851
500,High,2,0,1,1,0,1,1,1,4,0.166189111747851
501,High,2,2,1,1,0,1,1,1,4,0.166189111747851
502,Low,3,1,1,1,0,1,1,1,4,0.166189111747851
503,High,3,1,1,1,0,1,1,1,4,
